rank	count	tag
1	207	Sanatan & Vedic
2	104	NULL
3	92	Bhakti & Katha
4	74	Haryanvi Folk
5	41	Rap & Fusion
6	29	Desh / Patriotic
7	22	Other / Misc
8	13	Love & Virah
9	9	Afro-Phonk Fusion, Vedic Chanting, Modern Indian Folk, Neon-Sufi, Syncopated Dje
10	9	Genre:  Vedic Cosmic Rap  Nautanki folk + Hip-hop  Cinematic mythological rap  I
11	9	Hard Philosophical Rap — “नियमों का हऊआ”  दार्शनिक, व्यंग्यात्मक और तीखा clear m
12	6	Funky folk duet with earthy groove and sensual playful chemistry between lovers
13	5	[Style: Indian classical, Raga Todi, slow 70 BPM, female devotional, acoustic, b
14	5	Aggressive Indian hard rap, underground hip hop, dark spiritual theme, heavy 808
15	5	Dark Drift Phonk, Afrobeat percussion, Cyber-Sufi, Cinematic Space Atmosphere, H
16	5	Divine Vedic hip-hop rap with Sanskrit chanting, deep 808 bass, damaru percussio
17	5	soul devotional with live folk
18	4	"Indian Classical Bandish, Hindustani Vocal, Ragam-Tanam-Pallavi style, Acapella
19	4	[Style: Sufi Qawwali, Male vocal solo and ensemble, No instruments, Only human v
20	4	aghories sitting with german sages... adwait sitting sings his heart out in ange
21	4	Cinematic Hip-Hop, Dark Drill, 140 BPM, Deep Sub-bass, Atmospheric Wind SFX Intr
22	4	dark erotic hip hop, hyper rap, horrorcore, trap metal, 150 BPM, distorted 808s,
23	4	haryanvi super energy hip hop rap
24	4	hyper rap
25	4	Indian classical, Raga Darbari Kanhada, slow alap intro, deep dark mood, tanpura
26	4	Male  vocal, hyperpop / hyperrap, high energy, fast tempo 160 BPM, aggressive 80
27	4	Playful energetic Indian electronic folk-pop, 112 BPM, bouncy tech-folk drums, c
28	4	style  qawwali with heavy taan  murki  toda  hindustani classical ornamentation
29	4	Style/Genre: Afro-house meets Sexy Drill meets Indian Bhajan, 110 BPM, heavy log
30	4	super fun funky rap with dog souls..  a bitch being  requested by dog. howls, do
31	4	trance hip-hop haryanvi flavour
32	3	[Artist: P.H.K.D. (Pure Honest Kabir Driven) Genre: Spiritual Phonk / Cinematic
33	3	[Genre: Devotional Folk Rock, Bhajan, Energetic Chant, Rajasthani Folk] [Tempo:
34	3	[Genre: Haryanvi folk, Rajasthani folk, Afghan rubab, dambura, dhol, bakhshi sty
35	3	[Style: Indian devotional bhajan, Hindustani classical, Raga Khamaj, Taal Keherw
36	3	Bilingual indie ballad in E minor, 68 BPM. Intimate, healing, unresolved. Intro:
37	3	Cinematic Vedic Psy-Trap, 145 BPM, Heavy pulsating 808 Sub-bass, Fast-paced Trib
38	3	Dark Drift Phonk, Heavy Distorted 808 Bass, Cowbell Melody, Fast Afro-Phonk Perc
39	3	Epic divine hip-hop, heavy cinematic bass, conch shell intro, Vedic choir textur
40	3	Epic Indian patriotic cinematic war anthem about a brave soldier and a mother’s
41	3	Epic multilingual scientific rap mixing Latin chant, Siddham script mantra, Sans
42	3	Epic Vedic rap, Rigvedic chanting intro, powerful hip-hop trap beat, Indian clas
43	3	folk fusion
44	3	Funky folk duet about lovers discovering cosmic love and body-mind harmony. Use
45	3	Genre: Mystical Sanskrit Philosophy Song  Style: Indian classical + cinematic am
46	3	Global cinematic spoken word, deep Indian philosophical poetry, fusion of world
47	3	Haryanvi Ragni-Trap Fusion, Psytrance, 432Hz Tuning, Cinematic Vedic Bass, Aggre
48	3	Haryanvi-Bagri Folk Fusion, Psychedelic Trance, Khamak-driven rhythmic vibration
49	3	Indian EDM bhajan fusion. Tempo: 110 BPM. Style: devotional electronic + festiva
50	3	kids rap
51	3	Lullaby, Indian Folk, Soft Female or Male Vocals, Harmonium, Gentle Tabla, Bansu
52	3	Naagin & Mystic
53	3	Raw street temple qawwali, Raga Todi, live at Nidhivan Vrindavan, thousands of g
54	3	start with hyperfun funk hiphop adwait and bhairav on bike maya and Pop, Latin P
55	3	style  slow sufi ghazal  indian classical  hindustani  minimal  ambient  no perc
56	3	Style: Haryanvi Folk Ragni, Jogi Spiritual Anthem, Human Voice Driven, Minimal
57	3	Style: Lo-fi Hip Hop, Chillhop, Indian folk sample, 75 BPM, soft male vocals, v
58	3	The Drill Beat: गाने के बीच में जब 'ड्रिल भी लेगे' आए, तो संगीत में एक मशीनी धात
59	3	सिनेमैटिक ड्रामा कैरेक्टर्स लार्जर देन लाइफ न्यूरल चक्रा अवेकनिंग the science वै
60	2	॥ लोक-संगीत का 'बंडल' विश्लेषण ॥शैली (Folk Style)मुख्य तत्व (Element)प्रभाव (Eff
61	2	"Agori Folk-Rock, Cinematic Shiva Tandav, Tribal Fusion, High-energy Dhak and Da
62	2	"High energy Haryanvi folk song, 120 BPM, heavy traditional dhol, stadium crowd
63	2	"solo phakkad and whistle only no equipments"
64	2	[Genre: Cinematic Horror × Rajasthani Folk × Dark Disco × Haryanvi Vampire Weste
65	2	[Genre: Desi Hip Hop, Boom Bap, Slow to Mid Tempo Rap] [BPM: 85-95] [Vocal Style
66	2	[Genre: Psytrance, Funky House, Hyperpop, Indian Fusion, 145 BPM, Male Vocals, H
67	2	[Genre: Qawwali × Hip-Hop Fusion, Indian Devotional Folk, Comedy, Urban Desi, Ma
68	2	[style: Afro-house meets Sexy Drill meets Indian Bhajan, 110 BPM, log drums, con
69	2	[Style: Cyberpunk + Hyper Rap + Neural Lo-fi + Raw Kabir + Time Travel Vibe + Da
70	2	[Style: Hindustani Classical + Folk + Bollywood Sad + Acoustic Guitar + Tabla +
71	2	[Style: Indian Folk + Rajasthani Mand + Tribal + Ambient + Devotional + Cinemati
72	2	[Style: Rajasthani Folk Fusion, Mand, Ghoomar, Devotional]  [Concept] Gangaur so
73	2	[Style: Rajasthani Folk, Mand, Village Women Chorus, Festive, Simple]  [Tempo: 9
74	2	[Style: World's saddest folk singing, extremely melancholic, cry voice, male rur
75	2	[Title: Shakti Jaag Ri – Manushya Chetna Jagriti]  [Style: Indian devotional, Ve
76	2	[Title] खोकन और पराई नाव — Cosmic Stadium Anthem  [Style] Baul Folk  + Trap Beat
77	2	[Title] खोकन और पराई नाव — Cosmic Stadium Anthem  [Style] Baul Folk + Stadium An
78	2	100-voice Vedic choir  Trap + orchestral beat  Ancient instruments (lyre, mridan
79	2	1980s lo-fi field recording, live at Nidhivan temple courtyard, Raga Todi, Raw B
80	2	A dark and atmospheric Hindi indie-folk track with a haunting, cinematic quality
81	2	Aggressive Haryanvi Hyperrap fused with powerful Sufi Qawwali claps, high-impact
82	2	aghories with been, khamak, damru, naad... shiv gaNa aghore. rudra veeNa.  only
83	2	Bollywood Romantic Duet Emotional Ghazal Pop Soft Acoustic Love Song
84	2	Cinematic Global Fusion, Haryanvi Folk-Opera, Raag Shivranjani & Marwa base, 60
85	2	Cinematic Vedic Neural-Raaga Fusion, 432Hz Sacred Tuning. Devine Tribal-Rock, Ag
86	2	Cinematic Vedic-Blues Fusion, Aggressive Haryanvi Folk-Rock, Deep Guttural Aghor
87	2	Cinematic Vedic-Trap, Heavy 808 Bass, 140 BPM, Aggressive Haryanvi Ragni Rap flo
88	2	create a bollywood patriotic blockbuster song about a brave indian soldier and a
89	2	create a cinematic bollywoodstyle patriotic song from the perspective of a proud
90	2	Cyber-Sufi Afro-Phonk, Heavy Distorted 808 Bass, Cowbell Phonk Melody, Fast Sync
91	2	Dark Cinematic Urdu Drill, Emotional Atmospheric Intro, 140 BPM, Heavy Sliding 8
92	2	Desi haryanvi SuperFun superstar nagin।। 1000 snake charmers.. 1000 pungi.. 1 so
93	2	Drill, Urdu/Hindi poetry, Ghazal elements, slow melodic hook, heavy 808 bass, em
94	2	Epic cinematic hip-hop track called “Cosmic Egg Civilization Rap”. Tempo around
95	2	Epic Indian cinematic anthem, Baahubali style chorus, deep war drums, powerful m
96	2	Epic philosophical Indian rap with Sanskrit chanting intro, deep trap beat, dama
97	2	Epic stadium anthem devotional song, male chorus with crowd chants, powerful dru
98	2	Fast rap version (200 BPM) 🔥 Divine battle rap of gods and human
99	2	Funky हरियाणवी folk duet about lovers discovering cosmic love and body-mind harm
100	2	Funky हरियाणवी folk रगनी duet
101	2	Genre: Haryanvi Folk Ragni  Theme: Betrayal and emotional virah of a woman whose
102	2	Genre: Philosophical Sufi Rap Fusion Tempo: 90 BPM Scale: D minor Mood: Deep, in
103	2	global fun haryanvi-superstar..  1000 girls 1 boy
104	2	Haryanvi Accent , Style: Haryanvi Folk Fusion, Patriotic Rock, Powerful Male Voc
105	2	Haryanvi Folk Pop, Trap, Energetic, Raw, Male Vocals, Dholak, Harmonium
106	2	Haryanvi folk ragni, Sufi qawwali, cinematic anthem, Vedic chant, epic choir, sp
107	2	Haryanvi ragni folk song with trap rap flow but only traditional instruments. Us
108	2	haryanvi ragni super funk
109	2	Haunting Haryanvi Folk Fusion, Raag Shivranjani base, Pathos, Melancholic, Ether
110	2	High-energy Cyberpunk Phonk fused with Aggressive Indian Drill, crushing distort
111	2	Hindustani classical raga Bilawal, male heroic vocal, dhol shehnai, war drums, 7
112	2	Hindustani classical, Bollywood ballad, Raga Yaman, 75 BPM, sitar, tabla, harmon
113	2	Hip।hop superstar nagin।। 1000 snake charmers.. 1000 pungi.. 1 soulfull pungi br
114	2	Hyper Rap, Punjabi Trap, 170 BPM, male rapid-fire vocals, chaotic fun, meme ener
115	2	hyper rap.. greek.. thrill.. conspiracy.. anger.. hope
116	2	impact , realization , revolt
117	2	Indian folk fusion, bansuri flute, meditative drone,  cyberpunk eastern, raw kab
118	2	Indian Psychedelic Folk, Memphis Phonk, hypnotic Ektara loops, train rhythmic ch
119	2	lets create environment as a village where a husband is singing to his wife. hip
120	2	neural
121	2	neural radio program for students
122	2	pain hyper
123	2	Punjabi folk fusion ballad in E (Punjabi folk scale: E F# G# B C#). 70 BPM Dhama
124	2	Soprano textures, Indian classical, Raga Darbari Kanhada, slow alap intro, deep
125	2	Style: Egyptian lullaby + cinematic awakening anthem + Sufi-orchestral folk Mood
126	2	Style: French folk + Enlightenment anthem + divine call  Instrumentation: French
127	2	Style: Haryanvi Folk Ragni, Jogi Spiritual Anthem, Human Voice Driven, Minimal F
128	2	Style: Haryanvi Folk-Drill x Industrial Qawwali Fusion. Atmosphere: A high-stake
129	2	Style: real radio, sanaatana telecast
130	2	Style: Vedic chant + Sufi qawwali fusion Tempo: 90 BPM gradually rising to 105 B
131	2	Style/Genre: Haryanvi Folk-Drill, Industrial Qawwali Fusion, Cinematic Dark Synt
132	2	super fun funky rap mix hyper fun
133	2	super funky  revolutionary  Verse 1 (Rap)  Hook / Crowd chant  Verse 2 (Rap)  Br
134	2	Tempo: 92–96 BPM Trap + Ethnic Drums  Instruments: Rudra veena, damru, French ho
135	2	The Pungi Effect: पुंगी की आवाज़ को 'Eco' और 'Reverb' के साथ इस्तेमाल करें ताकि
136	2	use snake charmers orchestra. aghor rock
137	2	Vedic mantra rap, deep Indian spiritual hip-hop, male powerful voice with Sanskr
138	2	warm analog saturation, plate reverb on vocals, close-mic vocal position, tabla
139	2	अद्वैत अद्वैत द्वैत द वैत त   द्वैतत तत तत तत तट  त्री कट ट्री कट कट  त्रिकट रिक
140	2	आत्मा जगराना जागो जागो जागो हेमंत राणा जी महाराज मेरे तुम दीक्षित प्यारे  बेटे ह
141	2	गाँव की सुपर मस्ती
142	2	छोटे rhythmic lines  बार-बार action hooks  बच्चों का choir response  clear moral
143	2	बीटबॉक्स + इरोटिक साउंड्स + हाइपर रैप BPM: 130 से शुरू (धीमा, घुटता हुआ) → बीच म
144	2	वैदिक तंत्र हेमंत तत्व
145	2	सुपर फंकी
146	2	सुरीले भैरव कुकुर्  के रूप में लाली कुतिया रूप में सुपर फंकी। Neuro-Tantra Folk
147	2	स्थायी (Chorus): "शक्ति जाग री" — यह चेतना के सामूहिक उत्थान का आह्वान है।  लय (
148	1	.  🎵 KA KAA RAHASYA (क का रहस्य) [मृदंगम –  – सारंगी संग ] Add sargam notation (
149	1	.  🎵 KA KAA RAHASYA (क का रहस्य) A Narrator-Style Neural Mystical Ballad Directi
150	1	॥ स्वर्भानु: AI म्यूजिक प्रोम्प्ट्स (The Coding Guide) ॥ १. महा-एन्थम प्रोम्प्ट
151	1	॥ स्वर्भानु: देसी AI प्रोम्प्ट्स (The Folk Edition) ॥ १. हरियाणवी रागनी-रॉक (तर्
152	1	"100% Acoustic Ritual Folk, Neural Trance, No Electronic Instruments. Raw and hy
153	1	"A cinematic, emotional scene in a rustic Indian village. A brave mother with a
154	1	"A dark, gothic Cinematic Opera fusion. Dramatic Orchestral score with soaring v
155	1	"A haunting and minimalist 'Phakkad' soundscape. The core rhythm is a deep, reso
156	1	"A haunting, cinematic Avant-Garde Folk-Fusion based on Raag Todi. 100% Human-ge
157	1	"A high-octane Psytrance and Haryanvi Folk Fusion anthem. Tempo: 145 BPM. Vocals
158	1	"A raw, minimalist, and hauntingly soulful PHKD (Folk-HipHop-Kabir) fusion. The
159	1	"A soulful and cinematic Global-Folk fusion farewell song based on Raag Pilu. >
160	1	"Acapella Qawwali, Indian Folk Fusion, Vocal Percussion, Beatboxing, Human whist
161	1	"Acapella, Aggressive Beatboxing, Vocal Bass, Whistling, Dark Indian Folk Fusion
162	1	"Epic Cinematic-Carnatic Fusion. Hybrid of Ancient Mesopotamian Lyre and heavy S
163	1	"Grand Republic Day Brass Band, Heavy Snare Drum Rolls, Triumphant Trumpets, Orc
164	1	"Hyper-Rap, Acapella, Ancient Throat Singing, Fast Human Beatboxing, Experiment
165	1	[Add metallic bell sounds rhythmic] Use strong percussion (dhol + war drums) Fem
166	1	[Artist: P.H.K.D. (Pure Honest Kabir Driven) Genre: Trans UX, use ambience sound
167	1	[Cinematic World-Fusion, Deep Spiritual Qawwali vocals mixed with High-Impact UK
168	1	[Cinematic World-Fusion, Deep Spiritual Qawwali Vocals, 142 BPM, UK Drill influe
169	1	[Genre: Acoustic Hindustani classical folk fusion, jagarana night vigil, father-
170	1	[Genre: Afrobeat, Afro-fusion, Indian folk fusion, spiritual, philosophical, tal
171	1	[Genre: Afrobeat, Afro-fusion, Nigerian folk, Indian folk fusion, talking drum,
172	1	[Genre: Afrobeat, Chinese folk fusion, Erhu, Guzheng, talking drum, deep bass, s
173	1	[Genre: Afrobeat, Chinese folk, Erhu, Guzheng, Telugu folk, Tamil folk, Bangla f
174	1	[Genre: Afrobeat, Indian folk fusion, Telugu folk, Tamil folk, Bangla folk, Erhu
175	1	[Genre: Cyberpunk, Industrial Hip-Hop, Hindi Protest Rap, Dark Synthwave] [BPM:
176	1	[Genre: Hindustani classical meets dark ambient trance, Bhairavi raga, slow burn
177	1	[Genre: HyperRa, Boom Bap, Cyberpunk, High Tempo Rap] [BPM: 120-140] [Vocal Styl
178	1	[Genre: Hyperrap, Haryanvi folk, Afghan dambura, rubab, dhol, bakhshi style, fas
179	1	[Genre: Psytrance, Funky House, Hyperpop, Indian Fusion, 145 BPM, Male Vocals,
180	1	[Genre: Rajasthani Folk Horror × Disco × Dark Electronic] [BPM: 128, Key: D mino
181	1	[Genre: Viral Funk, Hindi Dance Pop, Ghetto Funk, Bollywood Bass, TikTok Ready,
182	1	[Genre: Viral Funk, Hindi Disco, Ghetto Funk, Bollywood Bass, TikTok Dance Chall
183	1	[Genre: World fusion, Afrobeat, Chinese Erhu, Telugu Nadhaswaram, Tamil Thavil,
184	1	[Intro: Atmospheric Flute and Cosmic Pads] [Verse: Soulful Indian Male Vocals, D
185	1	[Intro] – Spoken word / wind sound (Ghazal mood)  [DROP] – Heavy 808 + drill per
186	1	[Style of Music: Global Sovereign Calibration] Hyper-dynamic K-12 educational fu
187	1	[style: devotional drill, Indian bhajan meets Sexy Drill, 60 BPM, harmonium + he
188	1	[Style: Hybrid Sufi composition — alternating between solo spoken-word Nazm and
189	1	[Style: Indian classical fusion, dark devotional, sufi rock, slow tempo, male vo
190	1	[style: Indian folk bhajan meets West Coast G-Funk hip-hop, slow tempo, harmoniu
191	1	[Style: Nautanki-Swang-Qawwali hybrid audio drama. Single male vocalist performi
192	1	[Style: Opera + Hyper-rap + Trap Metal + Cinematic Orchestra, aggressive male te
193	1	[Style: Qawwali with heavy taan, murki, toda, Hindustani classical ornamentation
194	1	[Style: Rajasthani Folk + Bhakti Rap + Ambient Cinematic]  [Tempo: 88 BPM] [Scal
195	1	[Style: Slow emotional ghazal, Sufi, male voice, crying tone, melancholic, acous
196	1	[Style: Sufi devotional, slow meditative recitation, no rhythm, no beat, only de
197	1	[Style: Sufi Qawwali mixed with modern Beatbox, Acoustic, Spiritual, Mystical, S
198	1	[Style: Sufi, Acoustic Lullaby, Indian Folk, Soft Male Vocals, Harmonium, Tabla,
199	1	[Style: Three-voice dialogue Qawwali. Characters: Raskhan (Braj, mischievous, su
200	1	[Style: Traditional Qawwali sung in Braj Bhasha dialect, Sufi devotional tone, m
201	1	[Style: Traditional Qawwali, male lead vocal with 3-voice male chorus, harmonium
202	1	[Style: Traditional Sufi Qawwali, Hindustani classical, Raga Todi, slow harmoniu
203	1	[Title] खोकन और पराई नाव — Cosmic Rigveda Folk Rap  [Style] Rigvedic Chant + Ben
204	1	🎤 haryanvi ragni suparfun vs vedant chanting
205	1	🎤 QUANTUM ANTHEM (HUMAN SOUND VERSION)
206	1	🎤 QUANTUM ANTHEM (HUMAN SOUND VERSION) (90 BPM | Body Percussion + Breath + Voic
207	1	🎬 🎭 FULL STAGE SETUP (LIVE PERFORMANCE) 🌌 Stage Zones Left (🔥 DWAIT ZONE): Orang
208	1	🎵 Song: Ka Kaa Rahasya (The Secret of 'Ka') Style: Neural Narrative mystical bal
209	1	🎵 गीत (Lyrics): उल्टी चाल चल पड़े शिव राग: भैरवी (सुबह का राग, करुण रस से भरपूर)
210	1	145 BPM, Heavy Psytrance and Haryanvi Folk Fusion, Gritty Haryanvi Female Vocals
211	1	3 female
212	1	a war cry of a child to bhaarat maa tera Pop, Indie Pop men tera naketa shaitaan
213	1	Acoustic Neural Trans fused with Raw Crisp Drill Beats, emotional Sufi-Drill voc
214	1	Acoustic Ritual Trance. 140 BPM. NO ELECTRONICS. Raw human claps, sharp metallic
215	1	Aggressive cinematic Vedic folk-hop epic, 115 BPM, intense traditional Chalisa r
216	1	Aggressive Haryanvi Hyperrap fused with powerful Sufi Qawwali claps, crushing di
217	1	Aggressive Indian philosophical hip-hop rap. Deep male voice with powerful deliv
218	1	ancient instruments.. folk raw celebrations.. ancient sounds of joy
219	1	Atmospheric Afro-Zen x Deep Minimalism. 110 BPM.  Texture: आवाज़ों के बजाय 'Space
220	1	Atmospheric Aghori Chants, Tribal Trance, Haryanvi Folk-Blues Fusion. Starts wit
221	1	Bilingual indie ballad in E minor, 68 BPM. 432 Hz tanpura drone throughout (121.
222	1	Binaural cinematic spoken word, dual voices (female energetic left, male calm ri
223	1	Braj folk mixed with funky pop. Bollywood dance style. Fast tempo 115 BPM. Male
224	1	breathless rap
225	1	Chinese folk melody + Sufi Qawwali + philosophical hip-hop rap fusion. Male powe
226	1	Cinematic Afro-Drill x Vedic Industrial. 110 BPM. Vocal: Deep, commanding barito
227	1	Cinematic Dark Vedic-Trap, 90 BPM Hypnotic Shamanic Pulse, Multi-vocal arrangeme
228	1	Cinematic Modern Ghazal, Dark Ambient, Ethereal Baritone Male Vocals, Deep Cello
229	1	Cinematic Neural-Raaga Fusion, 432Hz Sacred Tuning. Industrial Tribal-Rock, Aggr
230	1	Cinematic qawwali, Raga Todi, thousands of gopis + Radha solo, 60-120 BPM, femal
231	1	Cinematic Vedic Neural-Raaga Fusion, 432Hz Sacred Tuning. Industrial Tribal-Rock
232	1	Cinematic Vedic Trap, Massive 808 Bass, 140 BPM, Deep Atmospheric Reverb, Ancien
233	1	Cinematic Vedic-Blues Fusion, Aggressive ग्लोबल   Folk, Deep Guttural Aghori Cha
234	1	Cinematic Vedic-Blues Fusion, Aggressive भोजपुरी  Folk-Rock, Deep Guttural Aghor
235	1	Cinematic World-Sufi Fusion, Avant-garde Qawwali, Mournful Armenian Duduk Intro,
236	1	Classical & Raag
237	1	Cosmic Earth Anthem.  Genre: Indian folk + cinematic orchestral + Vedic chant +
238	1	create a cinematic bollywoodstyle patriotic anthem sung from the perspective of
239	1	create a haryanvi bollywood patriotic blockbuster song about a brave indian sold
240	1	Create a mystical Aghor Nagini trance track with pungi (snake-charmer flute), kh
241	1	cyberpunk+hyper rap + classical + narrator=divine awakening
242	1	dada potaa poti  gang fun.. use kids voices of various ages.. cute catchy..
243	1	Dark Aggressive Cinematic Phonk, heavy brass orchestration, ancient Indian war d
244	1	Dark cinematic Indian folk trap song with female vocals.  Theme: A powerful Hary
245	1	dark cinematic vedic rap deep bass slow trap drums haunting flute throat singing
246	1	dark erotic hip hop, hyper rap, horrorcore, trap metal, 150-180 BPM, distorted 8
247	1	dark hindustani bhajan meets ambient trance  d bhairavi  72 to 108 bpm  male gri
248	1	Deep cinematic spoken word, Indian classical fusion, ambient drone, slow heartbe
249	1	Desi haryanvi SuperFun superstar nagin. 1 soulfull pungi bridge. 1 one stringed
250	1	dj banger, full on masti, dj, dance, लहर, full on drum beats, with full on trum
251	1	Epic Bollywood film score, grand orchestral, Raag Bilawal based, male power voca
252	1	Epic Bollywood patriotic ballad, heroic male vocals, orchestral with dhol and sh
253	1	Epic cosmic knowledge rap with Sanskrit mantra chanting, Siddham script visuals,
254	1	Epic Earth Mother Anthem.  Style: Indian folk + cinematic orchestral + stadium c
255	1	Epic Haryanvi stadium anthem, folk + rap fusion, powerful male chorus, nagada dr
256	1	Epic Hindustani classical war anthem, Raag Bilawal, male heroic vocal with deep
257	1	Epic multilingual scientific rap mixing Latin chant, Sanskrit mantra, Hindi and
258	1	Epic spiritual hip-hop + Indian classical fusion, deep bass, tanpura drone, conc
259	1	epic spiritual world fusion song, powerful male qawwali singer, cinematic produc
260	1	Epic Upanishadic rap about Dhruva from Bhagavata Purana. Deep cinematic bass, ba
261	1	Epic Vedic Hip-Hop stadium anthem, powerful Hindi rap, deep cinematic bass, trap
262	1	Epic Vedic rap, Rigvedic chant intro, deep trap beat, mridangam and shankh accen
263	1	Experimental Avant-Garde Soundscape meets Indian Nautanki Street Theater. NO MUS
264	1	Fast-paced hyper-articulated phonetic staccato trap-folk, 115 BPM, rapid rhythmi
265	1	Female vocal, hyperpop / hyperrap, high energy, fast tempo 160 BPM, aggressive 8
266	1	Female vocal, Punjabi pop meets Bollywood, upbeat and celebratory yet emotional,
267	1	folk dravidian authenticity
268	1	full funky
269	1	full on masti, dj, dance, dj banger,, full on drum beats, with full on trumpet
270	1	FULL PROMPT – DO NOT EDIT  Title: Same Story / हर बार की कहानी  Genre: Bilingual
271	1	full सुपर  funky
272	1	Funky हरियाणवी folk रगनी duet  super funky
273	1	Genre: Fast-Paced Trap / Melodic Rap Neural Futurism Tempo: 150 BPM (High Energy
274	1	Genre: Haryanvi Pop, Desi Hip Hop, Upbeat Dance, Male & Female vocals (Duo), ene
275	1	Genre: Haryanvi Pop, Desi Hip Hop, Upbeat Dance, Male announcer & Female vocals
276	1	Genre: Haryanvi Pop, Desi Hip Hop, Upbeat Dance, Only Male announcer & Only Fema
277	1	Genre: Haryanvi Ragni Folk, Dangal style Tempo: 75 BPM  Instruments: Dholak, han
278	1	Genre: Indic-Sufi-Lusophone-Blues Virah Raga Tempo: 70 BPM slow emotional  Vocal
279	1	Genre: Punjabi Folk Pop / Bhangra Pop / Energetic Party Song BPM: 120-130 Mood:
280	1	Genre: Vedic-Ambient, Cinematic Folk, Cyber-Tribal, Ethno-Industrial.  Mood: Sac
281	1	Genre: World music / emotional instrumental  Mood: Deep longing, universal femal
282	1	Genre: World music / emotional instrumental  Mood: Deep longing, universal virah
283	1	Genre/Style: Braj Sankirtan, Dhrupad-folk fusion, Raw Devotional, Indian Temple
284	1	hard death rock  vedic sanskrit
285	1	Hard Divine Hip-Hop with Sufi spiritual undertone. Hindi rap, deep powerful male
286	1	Hard divine hip-hop, philosophical rap, deep Indian spiritual vibe, male powerfu
287	1	Hard philosophical divine hip-hop, Indian spiritual rap, deep male voice, mystic
288	1	hard philosophical rap indian spiritual hiphop deep male voice aggressive delive
289	1	Haryanvi Accent , Style: Haryanvi Ragani   Vibe: शुरू में भावुक (Emotional) और ध
290	1	Haryanvi Folk + Indian Classical + Hyper-Rap Fusion. Suno v4. Dynamic genre swit
291	1	Haryanvi Folk + Rajasthani Folk + Indian Classical + Hyper-Rap Fusion. Suno v4.
292	1	Haryanvi folk fusion song with emotional rural storytelling. Male raw voice with
293	1	haryanvi quebradita fusion Banda, Regional Mexican, Technobanda bright staccato
294	1	Haryanvi ragni folk song with  only मिनिमल traditional instruments. Use matka ,
295	1	haryanvi ragni fusion male
296	1	Haryanvi Ragni Rock, Aggressive Male Folk Vocals, Heavy Sarangi, Industrial Drum
297	1	haryanvi super energy  rap
298	1	haryanvi tamil folk trance
299	1	Haryanvi-Trap... राग पीलू की धुन को मुख्य हुक में रख सकते हैं और 'रैप' वाले हिस्
300	1	Haunting Female Vocals, Soprano textures, Cinematic Urdu Drill, 140 BPM, Melodic
301	1	Heavy cinematic Vedic metal-phonk epic, 115 to 142 BPM, roaring traditional dhol
302	1	Heavy Industrial Drop, Vedic chanting trap mix, fast-paced aggressive rap cadenc
303	1	High-energy Cyberpunk Phonk fused with Aggressive Indian Folk, punchy industrial
304	1	High-energy Cyberpunk Phonk, traditional Indian folk accents, punchy aggressive
305	1	High-energy Haryanvi Trap-Folk Fusion, Heavy 808 Bass, Cinematic Sound Design, T
306	1	hyper rap + classical + narrator=divine awakening
307	1	Hyper-aggressive cinematic Vedic folk-hop epic, 115 BPM, rapid-fire phonetic sta
308	1	Indian devotional folk song, female chorus with male lead, emotional and uplifti
309	1	Indian hip hop fusion, boom bap beat, tabla percussion, tanpura drone, cinematic
310	1	Indian philosophical hip-hop with spiritual undertones. Deep reflective male voi
311	1	Indian spiritual hip hop anthem, boom bap drums with dhol and khartal, sitar mel
312	1	Industrial Afro-Drill with a "Boss-Level" Cinematic Intro. 110 BPM. Vibe: Defian
313	1	Intro: Whisper + slow breath + distant “हाय…”  Beat Start: Heartbeat (dhak dhak)
314	1	maataa gangaur aashirwaad
315	1	Meditative Sufi Qawwali, 432Hz deep drone, Cinematic Ambient, Ethereal Armenian
316	1	Modern Sufi Qawwali, divine male vocals, slow emotional tempo, harmonium, soft t
317	1	Neo-Vedic Phonk meets Afro-Drill. 110 BPM.  Instrumentation: > * Intro (0:00-0:0
318	1	Neuro-Tantra Devotional Trance Start: whisper + tanpura (no beat) Gradually add
319	1	Opera + Punjabi folk fusion ballad. Key: E minor (operatic) over E Punjabi folk
320	1	Playful energetic Indian classical folk-pop, 112 BPM, bouncy tech-folk sarangi,
321	1	Psychedelic Haryanvi Folk-Trance, 140 BPM, Piercing Ethnic Been (Snake Charmer F
322	1	Qawwali, traditional Pakistani/Indian Sufi devotional music, slow to fast build
323	1	Raga Todi qawwali, 70 to 110 BPM, female devotional voice, bansuri, harmonium, t
324	1	rajisthaani group of snake charmers with been controlling karna pishaachini. neu
325	1	Raw Aggressive Indian Drill Phonk, heavy distorted 808 bass, crisp metallic perc
326	1	Raw Aggressive Indian Drill Phonk, heavy distorted 808 sub-bass, crisp metallic
327	1	Raw horror folk. Haryanvi male vocal - broken, crying, manic. Female vampire voc
328	1	Revolutionary Hindi rap mixed with Sufi folk. Male deep voice, intense delivery.
329	1	Soulful Haryanvi folk, 100 BPM, male lead vocalist, breathy female backing vocal
330	1	Style Descriptor: > Epic Ancient-Futuristic Fusion, Haryanvi Ragni meets Dravidi
331	1	style desi hip hop rajasthani folk fusion heavy bass fast beat male aggressive v
332	1	Style: Cyberpunk Hip Hop, Hyper-rap, Industrial Trap, 160 BPM, D# minor  Vocal:
333	1	Style: Dark Ambient Trance, Binaural beats background, Deep male vocals,  Sanskr
334	1	Style: Desi Trap, Indian Hip Hop, Dark Trap, 140 BPM, male autotuned rap, heavy
335	1	Style: Hard Philosophical Rap / Divine Hip-Hop Tempo: 95 BPM Key: D minor Mood:
336	1	Style: Haryanvi Folk Ragni, Jogi Spiritual Crow Anthem, Human Voice Driven, Fig
337	1	Style: Haryanvi Ragni + Hip-Hop Rap (Climax Section)   Tempo: 95 BPM   Energy: H
338	1	Style: Indian Devotional Bhakti, Raag Yaman, slow tempo (60–65 BPM), cinematic s
339	1	Style: radio sanaatana telecast
340	1	Style: Raga Bhairavi, Raga Yaman, Raga Malkauns, Sufi fusion, Rajasthani folk,
341	1	Style: world fusion, spiritual awakening, slow sufi ghazal, cinematic ambient, n
342	1	Sufi Qawwali, Nirguni Bhajan, Raga Todi, Harmonium, Tabla Keherva, Male Passiona
343	1	Sufi, Indian Folk, Acoustic Lullaby, Soft Male Vocals, Harmonium, Tabla, Sitar,
344	1	Tempo: 95 BPM Cosmic Hip-Hop  Instruments:  temple bells  mridangam  ancient lyr
345	1	title mne meऋ भारत माँ  swatantra yantra folk ballad  genre  style haryanvi folk
346	1	title Pop, Indie Pop tapasya  upanishadic epic rap  prompt  cinematic spiritual
347	1	TITLE: **“NAAD BRAHM: 31 RAAG NEURAL JOGI ALBUM”**  STYLE: Indian Folk (Haryanvi
348	1	Title: The Birth of Speech  Genre: Vedic cinematic epic, spiritual world music
349	1	TITLE: Triveni Naad – Inner Jogi Duet  [STYLE: Indian Folk Jogi Ragni + Gurbani
350	1	trance hip-hop haryanvi flavour use train whistle and station ambiances. unique
351	1	Upanishadic Epic Rap, cinematic Vedic hip-hop, deep bass, powerful taiko drums,
352	1	Vedantic cosmic Indian folk theatre song, female mystical lead voice, male drama
353	1	Vedic Industrial Rock, Nu-Metal, Indian Raga Hansadhwani on Bansuri flute, Cinem
354	1	voice  ओवर
355	1	World music fusion, cinematic spiritual folk, Indian classical meets Celtic and
356	1	ye ek maa ke shbd hai bhai shab apne bete ke liye jiska beta balidan hua hai des
357	1	Zen-Drill x Afro-Phonk. 110 BPM. Soundscape: शुरुआत एक बहुत ही शांत 'Tibetan Bow
358	1	अद्वैत अद्वैत द्वैत द वैत त  द्वैतत तत तत तत तट त्री कट ट्री कट कट त्रिकट रिकट र
359	1	आप सुन रहे हैं रेडियो सनातन वैज्ञानिक
360	1	इस गाने की शुरुआत शांत श्लोक से करें, फिर अचानक "महादेव तेरी सरकार" पर एक रॉक-स्
361	1	इस रचना के लिए 'राग भैरवी' और 'राग जोगिया' का मिश्रण सबसे सटीक है, जिसमें 'राग व
362	1	गीत का शीर्षक: धूमिल अक्स शैली: कॉन्शियस हिप-हॉप (Conscious Hip-Hop) बीट: भारी 8
363	1	गीत का शीर्षक: बंद आँखों का प्रत्यक्ष [style: Indian folk, bhajan, slow-medium
364	1	डीजे सुपर फंकी. fun   ,,,
365	1	ताल और नाद: वाद्यों (संगीत यंत्रों) से ताल लगाने को कहना उस 'नाद' को पैदा करने क
366	1	धरती का नून DHARTI KA NOON — Full Adlib & Reverb Annotated Score BPM / Tempo 72
367	1	ध्वनि का स्तर: इसे 8D साउंड में अनुभव करें, जहाँ 'राग माता' के सुर आपके चारों ओर
368	1	फंक
369	1	मलंगों का ग्रुप एक भविष्य के ट्रेन स्टेशन पर ट्रेन स्टेशन उद्गोषण  Style: Haryan
370	1	मुखड़ा हर अंतरे के बाद दोहराओ  भीड़ से बुलवाओ: “दुनिया में ते खो देगा तन्ने…”  न
371	1	वाद्य:  ढोलक – मुख्य ताल  नगाड़ा – मुखड़े पर जोर  सारंगी – भावपूर्ण हिस्से  बीन
372	1	वैदिक रॉक
373	1	वोकल्स (Vocals): रागिनी में गायक की आवाज़ बहुत ऊँची (High Pitch) और कड़क होती है।
374	1	शीर्षक: १०० साल (हिस्स्स... टोरी) Style: Dark Experimental Folk-Trap. Descriptio
375	1	सुपर फंकी फुल नौटंकी
376	1	सुपर फ़न फंकी कुतिया कुक्कुर रैप अंदर तक फ़न। हास्य और ज्ञान का भाव। गंभीर बात व
377	1	हैवी base male। १ मिनट
